,URL,Date,Title,Description,Length
0,https://www.uselessthingstobuy.com/product/canned-unicorn-meat/,"Wed, 13 Feb 2019 20:48:34 +0000",can unicorn meat,amaz unicorn meat real excel sourc sparkl unicorn know frolic world poop rainbow marshmallow wherev go don't know unicorn reach end lifespan drawn counti meath ireland sister radiant farm dedic live nurs eleg creatur final day take cue kobe beef industri massag unicorn coat guin daili also fatten diet compris entir candi corn unicorn age meat becom fatti marbl live bone horn lose densiti process much like osteoporosi horn outer layer keratin begin develop flavor similar candi almond blend crush unicorn horn meat add delight crispi flavor note bite confid find world bewilder everi mouth scrumptious unicorn meat unfortun due restrict import mythic process meatstuff unabl bring can unicorn meat way sister radiant farm intend open find one tini unicorn appropri slice main cut meat simpli use growth ray reembiggen unicorn skin process flesh you'r lazi bring local mad scientistbutch he'll know 100 toy import 55ounc unicorn meat ‚Äì item 55ounc delici unicorn meat can conveni excel sourc sparkl ‚Äì unicorn sprinkl sparkl everywher assur unicorn meat excel sourc sparkl magic everi bite ‚Äì feel magic everi bite unicorn meat crunchi horn bit everi bite meat also easili spreadabl sandwich easyopen ‚Äì bottom easilyremov let gain access unicorn meat open need stuf toy ‚Äì joke asid insid cutup unicorn stuf plush toy add collect geeki toy,1338
1,https://www.uselessthingstobuy.com/product/50-ways-to-eat-cock-healthy-chicken-recipes-with-balls/,"Fri, 15 Feb 2019 12:15:02 +0000",50 way eat cock healthi chicken recip ball,introduc 50 way eat cock curious cock you'r one rever viril strength rooster taken back seat hen recent year recip like risotto cock ball cocko ‚Äú50 way eat cock‚Äù fun invent chicken cookbook take reveal look folklor histori culinari cultur nutrit benefit wellendow ingredi you'll learn practic econom healthi chicken recip impress friend nourish bodi tongueincheek descript play cock recip bulg everyth quintessenti quickandeasi downright quirki you'll learn tame tough bird meat succul fingerlick gourmet meal thank ingenu author certifi nutritionist adrienn hew nobl cock retak right place head tabl grab ‚Äúhard copy‚Äù perfect bridal shower gift,644
2,https://www.uselessthingstobuy.com/product/give-nothing-for-the-person-who-has-everything/,"Fri, 15 Feb 2019 12:39:44 +0000",give noth person everyth,friend everyth never know get today lucki day buy noth noth precious simpl sacr pack open abl experi gift noth absolut noth ultim minim git less less abl say got noth birthday feel prouder ever instruct open noth step 1 care open pack step 2 experi noth content sound one hand clap hole doughnut thing goe bump dark sound tree fall forest one hear incid one talk bash achiev warranti product guarante absolut noth someth happen return full refund,446
3,https://www.uselessthingstobuy.com/product/watchmen-ink-mask/,"Sun, 17 Feb 2019 21:56:07 +0000",watchmen ink mask guy,look watchmen ink mask guy ‚Ä¶ best anim rorschach inkblot mask find thousand sold 55 countri 15 million video view youtub 7th year offer special effect need warm breath fade ink transpar cool air darken produc move effect see you'll get littl practic goe long way pattern made use nontox 100 safe thermochrom ink react breath control effect simul anim inkblot amaz seen countless video onlin mask high perform nonallergen spandex blend custom hood seam fit head measur sake around forehead 22‚Ä≥ 24‚Ä≥ inch use 4way stretch fabric nylonspandex blend allow mask fit peopl comfort visibl good welllit area breathabl ideal maximum visibl stretch mask vertic horizont eye area open weav,677
4,https://www.uselessthingstobuy.com/product/toblerone-extra-large-jumbo-4-5-kg-toblerone-bar/,"Sun, 17 Feb 2019 22:24:19 +0000",tobleron extra larg jumbo 45 kg tobleron bar sale,cant get enough alway look love chocol giant tobleron bar halal biggest bar chocol ever pure cocoa butter mix milk swiss alp decor honey almond nougat giant tobleron make everybodi crazi swiss chocol stop look buy giant tobleron bar click buy mayb bundl watchmen ink mask hide day finish largest tobleron product would take week consum meltinyourmouth smooth tast finest qualiti swiss chocol fine milk chocol bar made creami swiss milk alp honey almond nougat tobleron stock mani tobleron flavour differ size availi stop look buy giant tobleron bar click buy,558
5,https://www.uselessthingstobuy.com/product/best-mini-camera-wifi/,"Sun, 17 Feb 2019 23:27:40 +0000",best mini camera wifi,üíô remot monitor 1080p spi camera easi wifi connect access wireless wifi spi hidden camera could livestream footag anywher world batteri power work anywher wifi signal cellular servic addit without wifi camera could taken videosnapshot ‚ù§Ô∏è upgrad night vision motion detect notif best night vision spi camera amazon 8 invis lamp bead excel night vision give clear view everyth eveningintellig motion detect app push notif motion detect wifi nanni camera push messag phone üíú 24 hour loop record mini camera mini spi camera enabl monitor 247 happen home locat mini size 118 x 118 x 118 indic light sound without intrud suspect watch record also great babi pet elder monitor home üíö 1080p mini spi camera suitabl outdoor indoor video record spi camera record clear 1080p hd 140¬∞wide angl come bike bracket use carbik camcord record everi moment spi camera adsorb iron strong magnet suction tip buildin 800mah batteri shoot 4 5 hour row üíõ easi use don't technician download app follow instruct configur devic connect camera packag include1x spi camera wifi 1x bike bracket 1x magnet suction 2x strong sticker 1x usb cabl 1x detail user manual 180 day reason refund guarante realtim remot monitor livestream footag anywher world connect ip camera home wifi network ‚ù§Ô∏è 1080p hd 720p upgrad night vision 8 invis lamp bead clear pictur video qualiti assur night vision better amazon spi cameraspleas see review custom speak high night vision ‚ù§Ô∏èthree gift use anywher 1 come bike bracket use outdoor like use carbik camcord record everi moment 2 magnet suction attach camera metal place take away anytim 3 use strong sticker attach smooth surfac ‚ù§Ô∏è motion detect notif detect move object nanni camera push messag phone ‚ù§Ô∏è 24 hour loop record mean mean camera 247 monitor home interrupt first know intrud ‚ù§Ô∏è easi use revis app 40 time don't technician follow instruct connect make work ‚ù§Ô∏è mini spi wifi camera 140degre wide angl give wider rang view monitor compact lightweight design 118 x 118 x 118 super mini size hidden mani place without rais suspicion ‚ù§Ô∏èextrem compatiblesupport io android ipad multipl peopl use devic time mean wife monitor home time note mini spi camera support 5ghz wifi remot use packag 1 x mini spi hidden camera 1 x bike bracket 1 x usb cabl 1 x magnet suction 2 x strong sticker 2 x iron sheet 1 x detail user manual,2333
6,https://www.uselessthingstobuy.com/product/penis-grooming-kit/,"Mon, 25 Feb 2019 15:17:07 +0000",peni groom kit,willi care kit extrem funni groom set man everyth may spend hour gell hair use manproduct long realli spend make sure crown jewel kept mint condit willi care kit guarante everi part man look sharp perhap bad choic word tidi quick spit polish willi care kit he'll feel crimin keep wrap willi care kit make super stock filler secret santa birthday gift man like pamper groom novelti gift enough fanci gloss ‚Äì we'll spell ‚Äì willi care kit like mini stylist man bit bob he'll glanc smug spruce mirror shear hair perfect shape style shear fluf til fluff fluf brush don dingdong eleg even wear willi chain willi care kit willi care kit fantast gift man take pride appear willi care kit fun novelti gift featur fluf brush spruce mirror pair style shear even wear willi chain ‚Äì contain luxuri present case willi care kit present case measur approxim 18 cm x 11 cm x 3 cm willi care kit suitabl man want groom genitalia bathroom cabinet get littl bulgi like feel like give man groom kit look willi care kit ridicul funni novelti gift willi care kit featur need look bee knee littl knee take look bbq peni product,1103
7,https://www.uselessthingstobuy.com/product/best-bbq-grill-2019/,"Mon, 25 Feb 2019 15:25:07 +0000",best bbq grill 2019,best bbq grill 2019 get anyth better anywher attract ofyr classic black 100100 grill center attent next social event gather chef guest togeth whole new way grill offer practic way cook enabl chef steam flamb stew grill conveni ofyr classic black 100100 grill threepart product featur corten steel base fire cone carbon steel cook plate corten steel materi develop layer patina protect steel corros left uncov outdoor allyearround sinc base improv contact outdoor element ofyr classic black 100100 grill guest sure impress smoki flavor brought wood even ofyr grill use add strike rustic appear open yard beauti standalon piec art featur model ocb100100 finish matt black left uncov outdoor children must supervis product use materi base cone black heat resist coat corten steel plate black carbon steel option cover spatula oilcan cook grate leather apron wood bag cedar wood plank avail specif overal dimens 385‚Ä≥ w x 385‚Ä≥ x 394‚Ä≥ h,930
8,https://www.uselessthingstobuy.com/product/marshall-compact-refrigerator-2019/,"Mon, 25 Feb 2019 15:34:27 +0000",marshal compact refriger 2019,marshal compact refriger 2019 alway thought music beer time get useless fridg room music studio 44 cu ft fridg authent marshal look conveni storag higheffici freezer energi star compliant cpc free 44 cu ft fridg authent marshal look higheffici freezer energi star compliant cpc free marshal compact refriger ship within usa ship apo afo po box prvi hi ship lower 48 state marshal fridg proud featur authent marshal amp part genuin marshal logo fret cloth knob go 11 brass finish facepl custom brand glass shelv marshal fridg ultim combin rock refriger hold total 36 small can 18 larg can 28 beer bottl 8 wine bottl unit height top door hing 32‚Ä≥ unit width 2025‚Ä≥ unit depth 24‚Ä≥ refriger capac 4 cubic feet freezer capac 04 cubic feet total capac 44 cubic feet adjust fridg temperatur 34 48 degre adjust freezer temperatur 21 32 degre arctic blue interior led light adjust front leg adjust temper glass shelv cfcfree quiet low decibel compressor box unit weight 617 lbs,967
9,https://www.uselessthingstobuy.com/product/bathroom-night-light-motion-detector/,"Mon, 15 Apr 2019 19:06:19 +0000",bathroom toilet night light motion detector,introduc bathroom toilet night light light sensor activ also turn automat find way toilet dark night light come 8 differ color addit option rotat toilet light color everi 15 second fun everyon fed get lost dark find bathroomit also great idea help potti train bathroom toilet night light easi oper instal first oper aaa batteri second fit toilet last soft pvc neck flexibl easi attach toilet bowl sturdi materi work shape,421
10,https://www.uselessthingstobuy.com/product/the-big-baguette-shaped-pillow/,"Tue, 16 Apr 2019 14:56:34 +0000",big baguett shape pillow,introduc big baguett shape pillow feel cute french today love big pillow love french bread big baguett pillow perfect love baguett shape pillow look like reallif baguett innov bread plush cushion made soft plush fill high qualiti polypropylen fiber cotton pillow feel super comfort addit great gift friend cours best choic birthday holiday christma new year final wonder gift foodi friend plus it pretti big big allinal pillow hilari fun tri pair wine shape pillow,464
11,https://www.uselessthingstobuy.com/product/house-cleaning-dust-mop-slippers/,"Fri, 19 Apr 2019 12:07:34 +0000",hous clean dust mop slipper,dust mop slipper stretchi fit perfect shoe sock barefeet put regular mop made chenill fibr materi plus soft flexibl warm import dust mop slipper strong decontamin water absorpt abil easili clean dust dirt pet hair mop slipper whole famili clean togeth mean enjoy housework kid fun clean time perfect kitchen home offic use packag includ 4 pair shoe cover make set 8 4 differ bright color blue green purpl orang dust mop slipper wonder gift pet owner,449
12,https://www.uselessthingstobuy.com/product/nicolas-cage-sequin-pillow-case/,"Tue, 23 Apr 2019 00:11:01 +0000",nicola cage sequin pillow case,fan nicola cage nicola cage sequin pillow case made rub hand sequin reveal sexi face nicola cage pillow case definit nation treasur curl couch pillow read wise word advic nicola cage book nicola cage pillow case made premiumqu sequin measur 157‚Äùx157‚Äù nicola cage pillow case lightweight durabl plus hide show face rub hand ‚Äúmermaid‚Äù style sequin buy pillow case add stylish sexi fun room order includ pillow cover pillow includ pillow cover creat perfect shape pillow also come lifetim warranti 100 refund replac support,520
13,https://www.uselessthingstobuy.com/product/mermaid-tail/,"Wed, 24 Apr 2019 07:09:38 +0000",mermaid tail,mermaid tail 100 useless ever want mermaid tail ever want reenact littl mermaid ‚Äúunder sea‚Äù swim pool must get beauti useless item mermaid tail made usa bestsel highest review swimmabl mermaid tail world know you'r get best qualiti revolutionari patent tip reinforc technolog protect tip tail hole tear shred need tip protector tape mermaid forev plus swim faster includ fin fun monofin pool ocean engin fin fun monofin creat natur mermaid motion unbreak fin neopren cover mermaid engin class colleg premium qualiti mermaiden collect mermaid tail resist effect sun pool chemic tail keep glorious color mention come differ color tri mermaid shell hair brush feel like mermaid bathroom,683
14,https://www.uselessthingstobuy.com/product/20-pack-of-pool-drink-floats/,"Wed, 24 Apr 2019 10:26:49 +0000",20 pack pool drink float,get readi summer 20 pack pool drink float 80 useless 100 fun pool drink float come mani shape umbrella flamingo wing blue donut crab duck strawberri white goos red lip love pink donut kiwifruit cactus bear spot donut watermelon yellow lemon green lemon rainbow toucan style wow cute fashion water toy plus drink float light inflat quick import make pool parti blast imagin cute littl shape float around pool keep drink safe addit pool drink float good qualiti featur highqual waterproof materi easi fill deflat safe use multipl time inflat effortless 10 second make splash next beach parti pool parti ps use drink holder also pool bath toy kid cute multi shape love adult kid swim well amaz mermaid tail gorgeous rose wine bottl pool float,739
15,https://www.uselessthingstobuy.com/product/tiny-dick-adventures-penis-coloring-book/,"Wed, 24 Apr 2019 11:22:32 +0000",tini dick adventur peni color book,introduc cutest peni color book planet big adventur tini dick don't big great thing tini dick prove hilari fun color book td isn't huge make giant person fun adventur book great bachelorett parti bore friday night home alon send tini exboyfriend laugh loud color peni color book best sell author fuck ador book come bonus set paper dick,336
16,https://www.uselessthingstobuy.com/product/mini-wacky-waving-inflatable-tube-man/,"Wed, 24 Apr 2019 12:46:59 +0000",mini wacki wave inflat tube man,first kind miniatur wacki wave mini inflat tube man perfect desktop companion tini market tool hilari gift final joyous danc tube man avail tini deskfriend size box includ 18inch mini inflat tube man fan base make danc wiggl shake like real thing batteri includ 32page mini book explor larger life utter surpris origin everyon favorit flail arm man note product power 9volt batteri specif ac adapt batteri ac adapt includ purchas pleas read follow specif power suppli sheet includ box ensur optim perform batteri must new use recharg must fulli charg,550
17,https://www.uselessthingstobuy.com/product/kit-cat-clock-in-movies/,"Wed, 24 Apr 2019 19:24:08 +0000",kit cat clock movi,featur kit cat clock movi classic kitcat wall clock base belov vintag design featur wag pendulum tail roll eye black bodi tail oval face arab numer white includ standard white tie plus red tie perfect special occas measur 15 12 inch tall made usa run 2 c batteri includ kitcat klock around 80 year becom indel part american histori happi catchi look you'r look upgrad version check kit cat clock assembl swarovski crystal,421
18,https://www.uselessthingstobuy.com/product/brain-coasters-set/,"Wed, 24 Apr 2019 20:28:34 +0000",brain coaster set,celebr cerebr matter brain coaster set pack 10 coaster featur slice brain stack togeth complet full brain wonder smart sophist friend think coaster made glass featur 4 rubber feet traction never headach coaster label piec brain back togeth smart love furnitur coaster perfect mayb you'r doctor protect desk brain slice perfect gift home grab set brain coaster they'r gone coaster measur 4inch would go amaz beauti brain anatomi art set wall,440
19,https://www.uselessthingstobuy.com/product/penis-bbq-apron/,"Wed, 24 Apr 2019 21:37:16 +0000",peni bbq apron,introduc small peni bbq apron love cook stay clean also like tell peopl small dick gift apron may look ordinari mani mani function first keep clean second remind other transitori state exist import tell small dick without say word also bbqing adjust apron immedi identifi master chef hometh front pocket apron give place hold onto season packet meat thermomet grill slip recip cardsthi adjust apron machinewash fadeproof resist wrinkl shrinkagewhen present pictureperfect delect meal without much greas spot cloth famili friend applaud culinari expertis might also enjoy ‚Äúi love rub meat‚Äù apron,594
20,https://www.uselessthingstobuy.com/product/pizza-blanket/,"Thu, 25 Apr 2019 12:13:12 +0000",pizza blanket,introduc realitst pizza blanket love pizza want show throw couch first pizza blanket made incred soft warm fleec cozi couch insid delici look pizza size 182cm pretti big product real use keep warm remind yummi pizza blanket shape like pizza great gift anyon especi crazi also goe well hamburg blanket,300
21,https://www.uselessthingstobuy.com/product/dick-trophy/,"Thu, 25 Apr 2019 12:41:17 +0000",dick trophi,golden dick trophi introduc dick trophi imagin award ceremoni serious wtf funni wouldn't honor receiv scenario hundr fun team offic fratern soror trivia award name suggest dick day award dick year big dick award world smallest willi best dick trophi accord amazon dick trophi easi oper compact portabl make experi wonder lightweight easi carri everywher want go think silli award perfect trophi laugh fun new interest gift make laugh parti 100 new product,455
22,https://www.uselessthingstobuy.com/product/screaming-goat-toy/,"Sat, 27 Apr 2019 09:42:59 +0000",scream goat toy,goat hilari scream goat toy figurin can't get enough hilari goat youtub buy product üçì goat statuett bleat bloodcurdl scream üçì press cut ring tree stump base activ scream üçì batteri oper batteri includ lr41 button cell üçì includ 32page leaflet goat fact scream goat toy perfect gift goatlov anyon lol scream goat put desk offic,324
23,https://www.uselessthingstobuy.com/product/beer-pong-on-fire-game-variation/,"Sat, 27 Apr 2019 09:55:12 +0000",beer pong fire game variat,take beer pong next level beer pong fire game variat like battleship also like beer pong game play team align sixteen cup 4√ó4 squar format rerack team start 6 ship card construct 3 total ship team must creat ship 3 card straight line anoth 2 card straight line singl card ship extra card provid larger game random pull 10 remain nonship card includ ‚Äúwater miss‚Äù card powerup card win must ‚Äúsink‚Äù oppos team ship team hit oppos team ship must declar hit andor sunk strateg place everi beerproof card drawn insid cup great gift love beer pong want varieti beer pong fire game variat great way mix next hous parti,610
24,https://www.uselessthingstobuy.com/product/12-month-membership-to-the-peanut-butter-jelly-month-club/,"Sat, 27 Apr 2019 14:28:36 +0000",12 month membership peanut butter jelli month club,american must start membership peanut butter jelli month club wtf ‚Äúwhi fck know this‚Äù might say right membership mean constant suppli boutiqu peanut butter jelli entir year first everi month get new jar gourmet peanut butter jelli awardwin produc across countri second everi shipment includ finest ingredi third deliveri cover unbeat ‚Äúthey'll love it‚Äù guarante peanut butter jelli month club great gift foodi american peanut butter lover ps make read allergi info order,469
25,https://www.uselessthingstobuy.com/product/beach-please-stemless-wine-glass/,"Sat, 27 Apr 2019 14:49:32 +0000",beach pleas stemless wine glass,feel summer vibe introduc beach pleas wine glass 20 oz stemless wine glass wine glass sassi cute fun friend plus it funni buy multipl glass beach bottl guy perfect gift beach life give hous beach beachi sister beach motherinlaw etc,231
26,https://www.uselessthingstobuy.com/product/finger-hands-on-finger-hands/,"Sat, 27 Apr 2019 15:27:23 +0000",finger hand finger hand,feel like trap paradox finger hand finger hand here crazi twist finger puppeta hand puppet finger puppet they'r tini hand go hand hand mini hand hand packag come two finger hand ten tini finger hand tini one fit ‚Äúnormal‚Äù size finger hand,237
27,https://www.uselessthingstobuy.com/product/grilled-cheesus-christ-maker/,"Sat, 27 Apr 2019 15:48:45 +0000",grill cheesus christ maker,grill cheesus christ maker toast face jesus everi sandwich perfect gift christian friend nonstick plate mean heaven quick clean up ray help even distribut heat ensur perfect toast plus portion proceed go good deed around world buy spread word cheesus christ one sandwich time grill cheesus¬Æ electron sandwich press toast face jesus onto sandwich bread inspir famili dine room tabl impress friend parti howev slice grill cheesus¬Æ let bring littl grill miracl mealtim snack time anytim also tri shave jesus mug,508
28,https://www.uselessthingstobuy.com/product/because-i-said-so-funny-mothers-day-mug/,"Mon, 29 Apr 2019 12:18:36 +0000",said funni mother day mug,introduc funni mother day mug ‚Äúbecaus said so‚Äù ‚Äì everi mom ever exist commemor one mom best goto argument mug said classic witti smart love mom put lot bullshit give laughter mother day treat funni mug sublim mug measur 11 oz use microwav dishwash also take custom order use artwork photo logo pleas note depend computertabletcellphon screen color may vari sublim vinyl sticker sharpi design creat use highqual sublim printer heat press adher ink mug perman design print side also check i'm mom mug,498
29,https://www.uselessthingstobuy.com/product/12-pack-cactus-tea-light-candles/,"Mon, 29 Apr 2019 13:05:18 +0000",12 pack cactus tea light candl,cactus tea light candl look amaz home cute succul design make perfect gift mother day birthday valentin day etc 12 pack cactus tea light candl includ 2 cute wrap box 6 candl candl high qualiti paraffin wax candl extend burn time plus holder bottom make sure wax doesn't spill 12 delic design perfect home decor birthday parti wed creat romant atmospher special event product warranti custom servic ‚Äì item sold ‚Äúoute offici store‚Äù qualiti warranti 48 month provid 48day moneyback 24month warranti item sold oute offici store feel free contact us question,553
30,https://www.uselessthingstobuy.com/product/badass-cat-mug/,"Mon, 29 Apr 2019 13:13:52 +0000",badass cat mug,badass cat mug purrrrfect cat lover perfect afford gift girlfriend boyfriend mom cat lover let know care cat design side mug it suitabl left right hand rest assur badass cat print mug never peel fade time even hot cold temperatur use microwav dishwash funni ice breaker ‚Äì enjoy relax morn new favorit ceram coffe cup set favorit coupl read want side either you'r look cute gift bride groom look uniqu wed present cutest housewarm gift husband look simpl thought anniversari present can't go wrong gift remind daili much care satisfact guarante care pack order achiev 100 custom satisfact 2017 chang packag durabl ship item care pack make sure receiv order safe perfect condit defect materi product stand 100 behind pleas contact fantast custom servic team quick find solut 250000 satisfi custom grow,799
31,https://www.uselessthingstobuy.com/product/baby-mop-onesie/,"Mon, 29 Apr 2019 13:31:44 +0000",babi mop onesi,onesi doubl mop babi mop onesi perfect new parent great gift mother day father day plus it funni dress cute babi babi mop onesi set floor need clean may first need get thing start call infant across room pretti soon they'll there child exploit involv kid best anyway crawl babi mop he also learn respons healthi work ethic ‚Äî 99 unuseless japanes invent author kenji kawakami publish ww norton co new york 1998 habit form earli life everybodi need work contribut healthi societi numer studi prove experi children face first year shape rest life relationship parent decid kind adult becom save friend lot useless discuss share household chore accustom babi earli stage perfect gift perfect gift best friend verg progress spend time friend absorb famili life realli think still care much offspr consum spare time won't believ much around babi familyfriend restaur hotel car train tv show book web site even app famili friend clean tool hard believ might actual increas chanc meet friend within next year,1000
32,https://www.uselessthingstobuy.com/product/william-shakespeares-star-wars-trilogy/,"Mon, 29 Apr 2019 18:14:42 +0000",william shakespear star war trilog,introduc william shakespear star war trilog experi star war saga reimagin shakespear drama come complet authent meter vers plus theatric monologu dialogu first royal imperi box set includ three volum origin trilog verili new hope empir striketh back jedi doth return plus get free 8by34inch fullcolor poster gift entertain impress fan star war shakespear alik everi scene charact film appear play final book featur woodcutstyl illustr enjoy elizabethan version star war galaxi prais william shakespear star war ‚Äúa quirki addit genrebust canon‚Äù‚Äîentertain week ‚Äúa great gift everi geek know matter passion‚Äù‚Äîhuffington post ‚Äúthe book brilliant you'll wonder someon didn't think sooner‚Äù‚Äîpast magazin ‚Äúat last mother mashup upon us‚Äù‚Äîcnetcom ‚Äúwilliam shakespear star war exact need next geeki houseparty‚Äù‚Äîtorcom ‚Äúnicola delort woodcutstyl illustr fabul mixtur old new‚Äù‚Äîbo bo ‚Äúthe ultim fan fic‚Äù‚Äîabc news radio,903
33,https://www.uselessthingstobuy.com/product/because-kids-wine-glass/,"Tue, 30 Apr 2019 17:48:07 +0000",kid wine glass,introduc kid wine glass barcon kid perfect glass enjoy favorit wine long day take care famili cool wine glass make perfect gift parent made real glass hold 17 oz fill rim great stemless wine glass use serv wine beer even mix cocktail imag screenprint outsid use ink special made glasswar commerci dishwash safe scrub imprint abras materi great gift mother day father day birthday winelov anyon around kid time,409
34,https://www.uselessthingstobuy.com/product/adult-achievement-stickers/,"Tue, 30 Apr 2019 18:37:38 +0000",adult achiev sticker,introduc adult achiev sticker adult hard deserv recognit job well done adult achiev sticker help commemor adult mileston product includ 16 hilari sticker reward friend special sticker perfect white eleph gift christma present housewarm gift birthday present hostess gift bachelorett parti bring smile someon face,312
35,https://www.uselessthingstobuy.com/product/runny-nose-funny-soap-dispenser/,"Thu, 02 May 2019 16:35:25 +0000",runni nose funni soap dispens,gross weird runni nose funni soap dispens brand new high qualiti wacki gross funni dispens press nose gel ooz right nostril easili refil unscrew replac cap back attach easili flat surfac suction cup nail perfect uniqu gift someon need humor hygien refil done easili unscrew cap back nose gross great gag gift idea boy wacki prankster dimens 14cm x 85cm x 18 cm runni nose funni soap dispens great gag gift anyon,411
36,https://www.uselessthingstobuy.com/product/prime-55-gallon-drum-of-lube/,"Thu, 02 May 2019 16:46:27 +0000",prime 55 gallon drum lube,never run lube prime 55 gallon drum lube go prime lube wrestl match biggest adult parti ever look simpli jawdrop amount lube passion natur waterbas lubric readi get fun start 55 gallon drum superb formula natur feel keep moist longer also work great toy materi easili wash away warm water mild soap may never run lube size 55 gallon note includ pump ship via freight due weight limit fun prime 55 gallon drum lube,413
37,https://www.uselessthingstobuy.com/product/banana-phone-handset/,"Sat, 04 May 2019 14:18:24 +0000",banana phone handset,banana phone handset bluetoothen mobil handset banana phone handset connect smartphon interact voic assist talk friend banana we'r take bite appl accessori market one banana time hilari gift work android appl phone,214
38,https://www.uselessthingstobuy.com/product/ben-jerrys-ice-cream-lock/,"Sat, 04 May 2019 14:43:30 +0000",ben jerri ice cream lock,lock away precious item ben jerri ice cream lock perfect gift friend live roommat great colleg student buy ice cream eas know lock lock come easi twopiec assembl twistlock instal keep ice cream safe threedigit super secret preassign combin product also come warranti doesn't work get anoth,289
39,https://www.uselessthingstobuy.com/product/cooking-with-coolio-recipes/,"Sun, 05 May 2019 11:34:53 +0000",cook coolio recip,introduc cook coolio recip there one thing coolio longer rap cook recip includ comfort food healthi twist don't break bank can't find fusion like blasian black asian ghettalian ghetto italian restaur home plus recip quick easi coolio start make thirtyminut meal ten year old sinc develop whole new cuisin ghetto gourmet start ghetto gourmet adventur ‚Äúsoul rolls‚Äù followup ‚Äúfingerlickin ribstickin fallofftheboneandintoyourmouth chicken‚Äù finish ‚Äúbanana babababread‚Äù sweeten golden honey cook coolio recip ‚Äúhow becom kitchen pimp‚Äù ‚Äúchillin grillin'‚Äù ‚Äúpasta like rasta‚Äù guid creat fivestar meal starstar price coolio say ‚Äúall need littl bit food littl bit knowhow‚Äù,661
40,https://www.uselessthingstobuy.com/product/4-sets-of-lightsaber-glowing-chopsticks/,"Tue, 07 May 2019 14:34:25 +0000",4 set lightsab glow chopstick,star war light saber chop stick look wonder glow chopstick look like littl lightsab star war plus eat dark problem watch netflix chill glow chopstick favorit takeout 4 set enjoy friend kid especi love great lightsab parti everyon love star war theme parti lightsab enhanc fantasi make special meal fun excit plus work mini lightsab think dozen creativ parti use buy led lightsab chopstick star war theme occas fun idea thought star war goodi bag star war appet utensil star war parti activ star war tabl centerpiec star war ice cake cupcak topper creativ idea mini lightsab let us know comment alreadi bought share pictur fun led lightsab chopstick fun food war meal glow chopstick impress date kid portabl light carri fit pocket new batteri stopper includ easili replac 3 x lr41 camera batteri unscrew screw conveni led illumin bright color easi use push button life parti make friend jealous get attent show true fan bargain 2 price 1 happi 100 custom satisfact guarante,972
41,https://www.uselessthingstobuy.com/product/canadians-are-magical/,"Tue, 07 May 2019 15:18:02 +0000",magic canada cute cheap coffe mug,cute cheap coffe mug celebr magic canada one 15 oz 11 oz version found 15ounc mug featur larg handl easi grip wraparound print plus dishwash microwav safe print usa made canadian attent lookhuman product origin design creat human design team seller similar design lower price affili lookhuman author resel origin design amaz product great custom servic pleas make sure choos ‚Äúlookhuman‚Äù seller item print usa,408
42,https://www.uselessthingstobuy.com/product/penis-water-gun/,"Tue, 14 May 2019 15:50:47 +0000",peni water gun,perfect pride bachelor bachelorett laugh product materi brand new pvc plastic good qualiti water leakag product size l x w 17 x 10cm 669 x 394‚Äù weight 875g packag includ 2 pcs creativ funni shape lifelik model make differ other perfect hen stag parti girl night bachelor parti halloween fanci dress parti,304
43,https://www.uselessthingstobuy.com/product/meow-book-for-cats/,"Wed, 22 May 2019 09:56:19 +0000",meow book cat,book contain repetit text meow book novel cat written perspect cat one word describ wondrous adventur wait insid cover meow also word find insid cover meow meow friend obsess cat book spoil cat planet definit need meow book also crazi dog friend check woof book,261
44,https://www.uselessthingstobuy.com/product/joke-hand-sanitizer/,"Wed, 22 May 2019 18:13:49 +0000",joke hand sanit,mayb touch genit joke hand sanit antibacteri hand gel witti packag pure use hand contain alcohol may sting anywher els kill 999 germ contact antibacteri gel also includ alo vera soften skin perfect gift present dad aunt uncl brother boyfriend husband teenag,257
45,https://www.uselessthingstobuy.com/product/american-flag-casual-summer-suit/,"Sat, 01 Jun 2019 13:04:04 +0000",american flag casual summer suit,american dream proud american show world stylish usa flag casual summer suit best way support countri nation holiday sport game qualiti casual suit star stripe suit made high qualiti open woven fabric machinewash full line genuin pocket button belt loop full set cloth come complet set match pant jacket tie make instant look dapper learn suitmeist size modern fit size chart mani occas casual summer suit ideal steal show mani occas like independ day sport game bachelor parti wear money back guarante 100 satisfi don't worri offer 30 day money back guarante shop carefre get today add cart plus want even casual check american flag onesi jumpsuit men,652
46,https://www.uselessthingstobuy.com/product/can-of-whoopass-for-sale/,"Mon, 03 Jun 2019 09:33:41 +0000",whoopass sale,main ingredi ‚Äúpwnage‚Äù come leav plant know ‚Äúbeat flower‚Äù flower beauti produc smell similar sweat flower found countri call kickassistan think one enough buy two can whoopass hard satisfi get 4 whoopass highlevel shit need get 24 can whoopass whoopass open someon today give hothead friend today true content compost,316
47,https://www.uselessthingstobuy.com/product/american-flag-beer-pong-float/,"Tue, 11 Jun 2019 17:08:56 +0000",american flag beer pong float,usa flag beer pong float plus use bed float loung tan pass whatev even inflat hair dryer air pump compressor beer pong float serious best qualiti parti fun elev pool parti full 10 cup beer pong float built cooler repeat built cooler fuck yes huge size 6 feet long x 3 feet wide provid comfort float parti proof ‚Äì super thick extra durabl raft grade pvc that scratch tear resist rapid valv fast valv allow inflat hairdryer toy air pump compressor deflat 5 time faster tradit valv like american flag beer pong float also enjoy trump pool float trump support hater alik it hilari complet 4th juli look check american flag summer suit,630
48,https://www.uselessthingstobuy.com/product/abraham-lincoln-four-score-t-shirt/,"Tue, 11 Jun 2019 17:23:37 +0000",abraham lincoln four score shirt,introduc abraham lincoln four score seven beer ago shirt shirt perfect 4th juli celebr nation greatest presid human right advoc drink fresh beer also come sleeveless solid color 100 cotton heather grey 90 cotton 10 polyest heather 50 cotton 50 polyest machin wash cold like color dri low heat grab funni abe lincoln shirt gift patriot drink buddi 4th juli parti wear abraham drinkin juli fourth outfit bbq picnic firework parad independ memori day funni abe lincoln shirt perfect gift girlfriend boyfriend husband wife mom dad sister brother independ memori day wear patriot abraham lincoln four score shirt 4th juli parti lightweight classic fit doubleneedl sleev bottom hem complet 4th juli look summer suit,709
49,https://www.uselessthingstobuy.com/product/dad-bag-belly-fanny-pack/,"Tue, 10 Sep 2019 22:09:54 +0000",dad bag belli fanni pack,wanna dad bod wanna get milf park wanna carri bier look fat perfect tool fanni pack incld 1 funni waist packssize3515cm materialpu canva leathergift 1x phone ring grip interest design print fake belli make bag funnythi sure bring laugh everyon face see thisfanni pack spacious compart decent zipper waist adjust comfortablemen beer belli waist pack bag love bag full person fresh uniqu hilari funni giftfunni spoof gift spoof tricki artifact suitabl gift spoof tricki excel funni gift silli offic parti even joke friend famili qualiti solid flimsi look realist even hair look real spaciousthi fanni pack practic useit interior space larg enough hold beer keychain cell phone mobil charger wallet comfort bring light weightyou attract eye crowd safe buy money back guarante tri best bring best use experi customersif unhappi purchasepleas contact team anytim want100 money back guarante safe buy,894
50,https://www.uselessthingstobuy.com/product/madagascar-hissing-cockroach-for-sale/,"Fri, 13 Sep 2019 12:42:09 +0000",madagascar hiss cockroach sale,bore dog cat wanna soul dog park around get madagascar hiss cockroach get sex pair make hous full cute pet hiss cockroach gromphadorhina portentosa larg easi care make great pet pleas notifi us time order chang request prior order differ sex configur guarante live deliveri 72 hour date arriv long temperatur requir met honeybees100 approv ship hiss roach state except fl hi honeybees100 cannot guarante live arriv ship extrem temperatur 36 degre f 85 degre f see addit info product descript,491
51,https://www.uselessthingstobuy.com/product/a-bag-of-unicorn-farts/,"Fri, 13 Sep 2019 13:34:18 +0000",bag unicorn fart,least expect magic come unexpect place bag unicorn fart sourc world enchant gassi unicorn probabl eat magic bean fantast flatul packag light fluffi snack didn't know origin would swear cotton candi addit magic treat insid funni packag eyecatch name make gift real gas cotton candi funni uniqu gift age like make peopl laugh bag unicorn fart guarante brighten friend day scientif fact fart bag funni 3oz fruit punch cotton candi delici origin perfect birthday gift retir 2nd anniversari present epic easter basket stuffer perfect present creativ father day birthday gift idea funni granddaught grandson present also realli like eat nasti shit get jumbo 45kg tobleron bar,669
52,https://www.uselessthingstobuy.com/product/2-mugs-fondue-set-will-it-fondue/,"Sat, 14 Sep 2019 08:51:41 +0000",2 mug fondu set fondu,fondu test recip quick easili mug fondu set snugg cute date night home hassl plus work chees chocol kovot fondu set includ 2 fondu mug 4 fork melt chocol easili use varieti food microwav dishwash safe order tea light burn effici make sure air flow ie fanwindow flame suffoc mug measur 3l x 5w x 4 34h fork 4 58l,311
53,https://www.uselessthingstobuy.com/product/white-pee-and-poop-stained-pants/,"Sat, 14 Sep 2019 12:53:52 +0000",white pee poop stain pant,introduc pee poop stain pant weirdo creepi gross pant poop stain never wash peopl flock never stand bus great gag gift peopl gross sens humor also good halloween disclosur made real pee poop,190
54,https://www.uselessthingstobuy.com/product/prank-engagement-ring-box/,"Sat, 14 Sep 2019 21:57:00 +0000",prank engag ring box,introduc fake engag ring box fart open also known ‚Äúmoon ring‚Äù hope signific great sens humor hilari small leather box look exact like engag ring box instead ring small fart butt insid product come changeabl batteri hand made usa make great gag gift valentin day christma april fool you'r girlfriend crack pleas take video fake propos like check fart gift,354
55,https://www.uselessthingstobuy.com/product/toilet-bowl-coffee-mug/,"Tue, 17 Sep 2019 12:41:00 +0000",toilet bowl coffe mug,introduc hilari toilet bowl coffe mug mug bigmouth inc guarante crack smile start day laugh drink hilari coffe mug perfect mug bring work silli toiletshap make cowork doubl take perfect addit athom coffe cup collect must offic ideal mug need laugh plus make great gift highqual ceram coffe mug make great present gift give occas give pottymouth coffe tea drinker final 12oz mug high qualiti uniqu funni coffe cup made ceram hand paint look like toilet warng microwav enjoy beverag pleas hand wash store later use brought bigmouth inc ‚Äúwe creativ forc behind exclus line highqual fun novelti item specialti assort origin humor product target practic joker ages‚Äù toilet bowl coffe mug also check led toilet light,710
56,https://www.uselessthingstobuy.com/product/offensive-pencils/,"Tue, 17 Sep 2019 14:01:56 +0000",offens pencil,check amaz offens pencil perfect gift pottymouth friend cowork take break polit correct fun wonder sweari uniqu gift person life love good curs word two even curs word you'v probabl never even thought great way add repertoir excel qualiti 100 real 2 lead pencil print vari degre profan sharpen readi profan laden note perfect amount come set 20 pencil print rang twat face cunti mccuntfac plus come handcraft pencil box standard 75 inch length amaz lifetim custom servic love money back life ‚Äì keep promis custom treat like famili,530
57,https://www.uselessthingstobuy.com/product/rubber-chicken-finger-slingshot/,"Tue, 17 Sep 2019 14:28:23 +0000",rubber chicken finger slingshot,rubber chicken finger slingshot namii w provid pack 10 rubber chicken slingshot funni gag toy 1 tube water bead free share friend funni outdoor game play rubber chicken slingshots‚Äìplac index finger hole chicken head pull tail hand aim shot target namii w rubber chicken slingshot shoot pretti far it interest process see slingshot chicken fli offic kitchen outdoor yard stick wall ceil even friend back fall slowli perfect outdoor game parti favor kid adult funni gift kids‚Äìmad environment friend tpr materi safe nontox perfect easter gift children adult namii w slingshot chicken 108cm43inch long maximum length pull exceed 60cm236inch excel flexibl easi break easi clean ‚Äìwhen slingshot chicken get dirti wash soap water soon ash bodi clean either play slingshot chicken indoor outdoor game without fear get dirti namii w slingshot chicken environment friend toy clean mani time littl tip you‚Äìpleas aim rubber chicken slingshot vulner part bodi eyesto get injurysuit children 12 year old,989
58,https://www.uselessthingstobuy.com/product/beardaments-beard-ornaments/,"Tue, 17 Sep 2019 22:39:47 +0000",beardament beard ornament,beardament mission leav beard undecor check crazi useless beard ornament beardament light beard glitter kit shit import look counterfeit seller purchas beardament sold beardament ship amazon fba easytoattach clip ‚Äì beard mustach ornament fit miniclip end offer firm hairsaf grip perfect hair length densiti bright vibrant color ‚Äì 12piec beard baubl set come four bold color everi order includ red green silver gold perfect holiday choic fun novelti ornament ‚Äì wear jewelri beard christma new year day ugli sweater parti offic social event bring smile versatil unisex wear ‚Äì beard ornament worn short long facial hair well women want wear pigtail hairstyl,654
59,https://www.uselessthingstobuy.com/product/monarch-butterfly-dog-costume/,"Mon, 30 Sep 2019 19:43:11 +0000",monarch butterfli dog costum,check ador monarch butterfli dog costum littl friend talk town cute hilari outfit plus isn't constrict uncomfort like mani dog outfit lightweight foam wing flutter soft wind hilari gift dog doglov friend think like puppi get social media take pup trickortr love costum earn extra candi watch littl doggo emerg beauti butterfli costum includ antenna head piec foam wing pleas use product supervis,395
60,https://www.uselessthingstobuy.com/product/the-wisdom-of-nicolas-cage/,"Mon, 30 Sep 2019 21:04:45 +0000",wisdom nicola cage,complet librari yet anoth useless book wisdom nicola cage nicola cage better turn advic world crazi upsid feel like nowher left go time instabl turmoil unpredict offer word nicola cage crazi might shed light new path cageian quot come inspir advic abstract pattern everyday use take heart let inspir lead freakier life tast magic enclos book ‚Äúwell babyo it exact maitai yahtze but‚Ä¶ let it‚Äù ‚Äî con air ‚Äúi never disrob gunplay‚Äù ‚Äî drive angri ‚Äúi acronym know bad bad ‚Ä¶ball attitud direct give acronym‚Ä¶ caus help visual goals‚Äù ‚Äî kiss death throughout illustr veriti slade,566
61,https://www.uselessthingstobuy.com/product/baby-burrito-wrap-blanket/,"Mon, 30 Sep 2019 21:28:26 +0000",babi burrito wrap blanket,babi burrito wrap blanket flannel super soft also come size adult ‚ù§ blanket burritoimagin babi wrap fresh tortilla blanket feel warmth real burritosthi burrito blanket bring warmth also funto get foodi blanketyour neighbor jealous see wrap ‚Äì they'll also want burrito ‚ù§ still feel headach gift send irresist cute gift kid teen friendsyou enjoy leisur time cuddl soft blanket sofa watch movi read bookor take tortilla blanket camp trip park show special friend show good sens humor ‚ù§ good sew exquisit overlock detail made fine flannel brightcolor super soft touch keep warm comfort stifl hot ideal use aircondit room ‚ù§ „Äêwash suggestion„Äëmachin wash gentl cycl cold water tumbl dri low need never fade shrinkth first clean may caus villus loss qualiti problem first wash pleas pay attent clean separ cloth ‚ù§ „Äêworryfre qualiti guarantee„Äëthi babi burrito wrap blanket ‚Äúdelicious‚Äù won't disappoint outiv hope everi custom purchas product becom ‚Äúburrito‚Äù provid 100 refund exchang guarante don't hesit enjoy ‚Äúburrito‚Äù check useless babi stuff,1036
62,https://www.uselessthingstobuy.com/product/mini-grocery-items/,"Fri, 04 Oct 2019 07:09:09 +0000",mini groceri item,get surpris ball fill random mini groceri item product come two ball fill 5 random select tini groceri store brand item plus come ador tini shop cart üõíwith 5 segment contain differ surpris 5 surpris ball cool uniqu üõícollect mini groceri item 5 differ surpris ball 500 differ surpris collect üõí shop cart shop cart size 47 31 45 inlwh item weight 56 ounc littl cute appear function actual supermarket shop cart üõí pictur contain shop cart mini brand product exampl look like actual product contain seal mini brand ball may vari üõí age 3,532
63,https://www.uselessthingstobuy.com/product/mini-desk-vacuum-cleaner-usb/,"Fri, 04 Oct 2019 17:16:56 +0000",mini desk vacuum cleaner usb,love useless thing super cute tini go love mini desk vacuum cleaner usb suck tiniest speck dust world smallest vacuum cleaner it perfect clean keyboard get everi crevic ador littl babi boo boo dust buster fit pencil case bring school work look fun cheap offic present littl thing perfect vacuum cleaner power usb cord also come littl tube brush attach realli get keyboard come multipl color,390
64,https://www.uselessthingstobuy.com/product/hand-underwear-gloves-archie-mcphee-worlds-smallest-underpants/,"Sun, 27 Oct 2019 12:59:31 +0000",hand underwear glove ‚Äì archi mcphee world smallest underp,realli nake glove pete sake put handerp 95 cotton 5 spandex fingerless glove look feel men brief slip underneath glove extra warmth protect chafe wear vagu inappropri fashion statement hundr use great nightblog fit adult hand perfect gift person whose hand alway cold 15‚Ä≥ high 725‚Ä≥ wide stylish occas fit adult hand hundr use wonder gift,337
65,https://www.uselessthingstobuy.com/product/roto-wipe-toilet-prank-pack-roto-wipe-wrap-your-real-gift-in-a-prank-funny-gag-joke-gift-box/,"Sun, 27 Oct 2019 14:22:25 +0000",roto wipe toilet ‚Äì prank pack ‚Äúroto wipe‚Äù ‚Äì wrap real gift prank funni gag joke gift box,prank gift box first appear contain bizarr product ridicul compani simpli ‚Äúput real present insid joke box‚Äù tri keep straight face watch friend love one attempt remain gracious thank ‚Äúroto wipe‚Äù watch explod laughter discov actual stuff insid realiz they'v prank take gift give next level origin gag gift box pride incred attent detail we'v thought everyth ridicul fiction product hilari imag detail product descript box recipi truli convinc gave bizarr gift time‚Ä¶ it fake present box add gift laughter parti quirki fun twist timeless tradit fun gag gift give boyfriend girlfriend mom dad kid whether consid funni gift give skill amaz wrap gift insid prank pack add extra layer fun enjoy everyon room laugh high qualiti gift prank box made usa 100 recycl cardboard box ship flat easi assembl ‚Äì glue extra step requir 1125‚Äù x 9‚Äù x 325‚Äù perfect size almost funni gag gift made usa pleas note empti prank gift box,910
66,https://www.uselessthingstobuy.com/product/iphone-11-commando-case-arnold-iron-schwarzenegger-smartphone-cases/,"Sun, 27 Oct 2019 14:42:36 +0000",iphon 11 commando case ‚Äì arnold iron schwarzenegg smartphon case,alway get latest iphon person follow trend want cool get arnold commando phone case show everybodi dual camera flash transform john matrix bazooka commando made lightweight hard shell plastic pc materi cover drop bump proof case protect back side phone special sublim print technolog make phone case bright vivid ensur print never peel also phone case print around corner well matt color ‚Äì phone case provid soft pleasur touch besid matt color scratch resist ensur phone case remain perfect condit long time profession 247 custom support pleas let us know question slim ‚Äì phone case make devic look bulki port button access easili provid suffici level protect make accessori look one kind compat iphon xs xsmax xr 11 11 pro samsung s9 s9 plus s10 s10plus s10 lite note 9 note 10 note 10 plus huawei p20 p20pro p30 p30pro p30 lite,829
67,https://www.uselessthingstobuy.com/product/grow-a-boyfriend-full-size/,"Sun, 27 Oct 2019 15:13:22 +0000",grow boyfriend full size,sister friend singl forev life crisi friend boyfriend doesn't save day get boyfriend christma step start grow boyfriend full size add water grow 6time origin size 2inch approxim 12inch begin grow 2 hour reach full size 72 hour dri use it pretend grow perfect friend,265
68,https://www.uselessthingstobuy.com/product/grow-a-girlfriend-full-size/,"Sun, 27 Oct 2019 15:21:37 +0000",grow girlfriend full size,brother friend singl forev life crisi friend boyfriend doesn't save day get boyfriend christma step start grow boyfriend full size add water grow 6time origin size 2inch approxim 12inch begin grow 2 hour reach full size 72 hour dri use hem it pretend grow perfect friend,270
69,https://www.uselessthingstobuy.com/product/thanos-glove-for-sale-avengers/,"Sun, 27 Oct 2019 15:54:40 +0000",thano glove sale ‚Äì aveng marvel legend seri endgam power gauntlet articul electron fist,tire parent sick teacher tire everybodi around like thano wipe everybodi snap finger aveng endgam premium roleplay item intric detail design electron articul power gauntlet inspir aveng endgam movi part marvel cinemat univers pulsat infin stone glow light effect electron fist appear teem tremend power activ power gauntlet 6 infin stone pulsat glow light aveng endgam movieinspir sound effect push infin stone center power gauntlet activ sound effect inspir aveng endgam movi fistlock display mode gauntlet high articul finger lock clench fist posit allow item display appropri power pose look marvel legend seri premium roleplay item fan marvel cinemat univers franchis look premium movieinspir marvel legend seri roleplay item sold separ subject avail,754
70,https://www.uselessthingstobuy.com/product/dinosaur-neon-light-display-neon-bar-lamp/,"Tue, 29 Oct 2019 21:57:03 +0000",dinosaur neon light display ‚Äì neon bar lamp,dinosaur neon light display dinosaur neon light sort retro super fun bring joy happi shine pretti soft neon glow hous offic dorm room home bar nurseri look dorm room wall light look littl green guy dope look nurseri wall night light perfect soft glow sooth dinosaur total match nurseri decor neon bar lamp everyon want decor bar cool neon stuff actual look good dinosaur perfect look way better gross floresc beer sign make home bar fun cheer lite like plus super cheap look cheap bar decor look spec size approx 124‚Ä≥l x 74‚Ä≥h x 06‚Ä≥dÔºåusb cabl length approx 92ft batteri usb charg oper use 3 aa batteriesnot includ usb adapt turn option way placedther hole behind lamp hang wall place tablecordless light fast easi instal also check similar product glow globe lamp ad ago power batteri usb choos,793
71,https://www.uselessthingstobuy.com/product/totally-useless-information-a-book-filled-with-stupid-facts-to-know/,"Tue, 29 Oct 2019 22:25:28 +0000",total useless inform ‚Äì book fill stupid fact know,total useless inform pack stori weird unexpect plain bizarr learn strang scientif fact discov truth behind histor figur debunk popular urban legend thrill stori supernatur collect 150 entri expand knowledg broad rang topic includ histori human bodi anim cultur peopl sport crime place around world much vast array articl stori list question answer total useless trivia provid hour fascin read like also check useless book,421
72,https://www.uselessthingstobuy.com/product/chicken-harness-suitable-for-chicken-duck-or-goose/,"Sat, 02 Nov 2019 23:34:08 +0000",chicken har ‚Äì suitabl chicken duck goos,easi adjust ‚Äì ensur comfi fit chicken har truli adjust easi wear adjust size need make sure chicken 100 comfi matter feel uncomfort worri chicken get rid har walk chicken street enhanc chicken train fullest teach fowl walk leash find peac mind facilit train walk perform yesito har it easi tri see made last ‚Äì ultra resili fabric boast durabl breathabl reinforc mesh fabric pet leash har set stand everyday wear tear seam come loos stitch fall apart we'v got cover give three color bow tie chicken har match color like walk chicken make person becom focus,555
73,https://www.uselessthingstobuy.com/product/real-human-bones-for-sale/,"Mon, 04 Nov 2019 20:50:15 +0000",real human bone sale,look real human bone question ask buy real human bone whatev pleas üôÇ skull unlimit offer extens select real replica human skull skeleton real human skull skeleton obtain legal ethic sourcesyeah right howev specimen becom difficult find skull unlimit sure specimen need bag human bone consist various bone bone fragment bone minim clean purpos use train search rescu cadav dog sar pack bone pictur repres may includ bone may stain dri cut damag dog trainer troubl dog hit human bone even though may appear clean i'm serial killer don't ask question thank bye,557
74,https://www.uselessthingstobuy.com/product/blood-pillow/,"Mon, 18 Nov 2019 16:55:36 +0000",blood pillow blood puddl pillow,blood puddl pillow here great idea anyon look good lastminut fright blood puddl pillow thing scare crap roommat wake find lie pool red tomorrow morn blood puddl pillow look comfi shape like pool blood person prefer decor resembl blood bath could still put good use this'll perfect slip head shitti roommat pass drunk i'd love see look face wake think crack skull open bleed he jerk stumbl complet hammer leav front door open fall face first sofa begin snore mega loud make imposs get high peac i'm tri watch rerun frasier know nile quiet talker he got best joke ahhh man‚Ä¶,571
75,https://www.uselessthingstobuy.com/product/uranium-ore-for-sale/,"Tue, 19 Nov 2019 22:43:07 +0000",uranium ore sale,ore sampl natur occur radioact materi norm uranium ore sampl use check sourc test geiger countersno chemic spectral analysi perform radioact ore sampl sourc ore radioact determin may number radioact element uranium thorium potassium decay product radium radoncount per minut cpm activ rate list label activ level includ radiat type alpha beta gamma sinc alpha radiat main form radioact given ore sampl abl detect alpha radiat yield much lower count per minut cpm inexpens geiger counter detect alpha radiat check alpha sensit geiger counter import set geiger counter cpm mode locat hot spot ore sampl ore sampl check measur radioact use nrc certifi digit geiger counter pass ansistd n323a calibr use nist traceabl sourc independ govern licens lab conform nrc regul 10cfr34 10cfr35 make geiger counter suitabl regulatori inspect licens exempt radioact ore sampl size cpm activ vari ship label metal contain shown ship inform alway complianc section 13 part 40 nrc nuclear regulatori commiss rule regul postal servic regul specifi 49 cfr 173421 activ limit low level radioact materi item ship accord postal servic activ limit specifi public 52 radioact miner educ scientif use,1174
76,https://www.uselessthingstobuy.com/product/dog-wig-fashionable-blonde-wig-for-dogs/,"Mon, 25 Nov 2019 23:43:03 +0000",dog wig ‚Äì fashion blond wig dog,dog alway want blond dog go tough time think present christma get dog wig dog complet chang shehe it like glass clart kent nobodi abl recogn dog wig could potenti useless product site don't care want dog chanc blond fun anybodi els might wonder would christma well could start take pictur dog wig start share onlin wig guarante dog famous around 10k follow social media don't know you'r mad want want wig bad rubi petshop sent goodi halloween you'r sit attitud earli morn missi ‚Äúi wanna elsa‚Äù marg you'r gonna wonder woman sent stuff look sent hulk hog incred hulk sent you‚Ä¶ ewok size small oh good right sent robin like batman robin cape sent cute caterpillar can't wait till it time put marg everybodi gonna elsa wanna differ look gorgeous wonder woman outfit you'r wear hair look like madonna look like christina aguleria ‚Äúi don't care wanna elsuhh‚Äù noooo you'r gonna wonder woman nobodi wonder woman everybodi everi chi gonna elsa wanna differ wanna marg tiffani mwah thank rubi pet shop,991
77,https://www.uselessthingstobuy.com/product/most-expensive-baseball-card-mickey-mantle/,"Wed, 27 Nov 2019 22:46:31 +0000",expens basebal card ‚Äì mickey mantl,mickey mantl autograph set four enterprisesbg grade authent jsa certifi basebal slab autograph card bla bla bla look put card bike start make motorcycl sound tri order 3 set use bike use close pin clip front rear wheel make terrif clipclipclip sound ride street sound almost like motorcycl expens mickey mantl basebal card worth mone come free ship advic it buy least 3,369
78,https://www.uselessthingstobuy.com/product/edible-anus-chocolate-mold/,"Wed, 27 Nov 2019 23:54:57 +0000",edibl anus chocol mold,you'r realli naughti chocol lift lid box edibl anus box contain 6 anus shape chocol made solid milk chocol pleas warn adult novelti chocol suitabl children like know eat haha warn contain milk soya lecithin may also contain trace nut food item nonreturn affect statutori right edibl anus first saw light day 2006 london artist magnus irvin made rang multicolour chocol present exhibit ensu show met form partnership mr ritzema tall man dutch desent sinc two work togeth make rang product avail today initi mr irvin tri cast anus messi disastr result whilst explain failur chanc acquaint bus stop gratifi find fellow bus passeng will allow cast anus job done half hour later afternoon subsequ anus base cast matter interest person kind donat servic idea anus gone global chocol glass metal anus sinc appear exhibit unusu high street retail whilst chocol anus bought decern custom world ring succul chocol love cast craft delect posterior stun butt model luxuri chocol uniqu manufactur entir uk watch grandma face light unwrap home select chocol crack perfect gift famili bustin taboo sinc 2002 believ edibl anus help break cultur boundari race class gender sexual orient amus easili digest way preserv sell fresh chocol,1218
79,https://www.uselessthingstobuy.com/product/bubblegum-stuff-cat-selfie/,"Wed, 04 Dec 2019 18:29:36 +0000",bubblegum stuff cat selfi,take purrfect catselfi made easi kitti companion pur n pose one sight hang bell ‚Äì rest instagram histori ring bell revers compat smartphon,138
80,https://www.uselessthingstobuy.com/product/booze-balls-booze-filled-ornaments/,"Thu, 05 Dec 2019 10:19:02 +0000",booz ball ‚Äì booz fill ornament,merri bright holiday season booz fill ornament hang tree put mini tree mini bar fill favorit whiski wine vodka gin sure hit imagin holiday offic parti friend christma famili gettogeth ornament peopl laugh grab ball drink merri basic fcking willi wonka christma alcohol know realli hang year round amaz booz fill ornament come pack 6 you'r gonna need least three realli get parti start children hang high tree like check christma ornament decor,443
81,https://www.uselessthingstobuy.com/product/essential-oils-diffuser-dumpling-diffuser-by-smoko/,"Fri, 06 Dec 2019 05:42:19 +0000",essenti oil diffus ‚Äì dumpl diffus smoko,introduc essenti oil diffus shape cute smile dumpl product made smoko offer 7 differ mood light provid therapeut support help revit reliev stress find natur balanc diffus use pure essenti oil creat restor aroma condit air spread fragranc cute function design dumpl diffus make fantast gift friend famili choos 7 differ color bright dim mode match style decor auto cycl color make great accessori home offic bedroom babi room etc smart timer auto shutoff ‚Äì easili swap 1 3 6hour continu mode creat even essenti oil distribut like diffus boast 300ml water capac waterless autooff function safer function trust qualiti guarante ‚Äì ultim provid 100 satisfact dumpl diffus back 1 year manufactur warranti contact us issu order respons solut,734
82,https://www.uselessthingstobuy.com/product/boob-christmas-tree-ornament/,"Fri, 06 Dec 2019 09:19:20 +0000",boob christma tree ornament,beauti boob christma tree ornament time holiday season need someth sexi feminin tree ornament perfect everyon love boob tree definit order one forum novelti ornament measur 6 x 6 x 6 inch pretti big plan rrate tree check ornament blog post boob christma tree ornament go perfect alcohol booz ball,296
83,https://www.uselessthingstobuy.com/product/mini-closed-terrarium-keychain/,"Mon, 09 Dec 2019 09:32:08 +0000",mini close terrarium keychain,check ador mini close terrarium keychain keychain contain coral cactus close insid littl clear dome live breath cactus put keychain care littl suckl grow replant mini close terrarium live capsul 3 month littl depend fast grow easi water tini hole bottom locat root keychain includ care card caricatur care magnet also includ 2week plant health warranti make excel christma gift addon holiday gift stock stuffer great hipster,424
84,https://www.uselessthingstobuy.com/product/bob-ross-talking-bobblehead/,"Wed, 11 Dec 2019 09:42:09 +0000",bob ross talk bobblehead,bring sooth sound bob ross joy paint home offic one mini bob ross talk bobblehead kit includ 4‚Ä≥ bobblehead figur play 10 differ wise witti say art master mini easel book featur 30 ross landscap work display alongsid bobblehead figur,232
85,https://www.uselessthingstobuy.com/product/gameboy-refrigerator/,"Mon, 16 Dec 2019 21:53:32 +0000",gameboy refriger,larg magnet screen 16 inch 12 inch remov ‚Äì fridg mark fit refriger size ‚Äì mini fridg well dri eras friend whiteboard ‚Äì wash right marker includ set 6 magnet make refriger look like favorit 80 video game consol freezerboy magnet set avail fridg size magnet set transform kitchen vintag geek shrine dryeras magnet turn fridg giant game system readi it button push give tap dpad along jab button you'll readi crack open freezer search frosti beverag great gift gamer geek nerd boyfriend unlik perman fridg sticker decal magnet 100 remov leav mark magnet set also fit fridg size well dishwash laundri machin note custom comment receiv magnet set miss magnet set pleas contact seller ship miss piec right away,704
86,https://www.uselessthingstobuy.com/product/crunch-cup-cereal-on-the-go/,"Tue, 31 Dec 2019 15:45:43 +0000",crunch cup cereal go,product crunch cup plastic cup store cereal love cereal need crunch cup cereal go tire eat cereal bore bowl spoon plastic cup store cereal milk separ drink crunch cup cereal milk pour togeth creat best crunchi cereal breakfast experi ever take cereal go car school bus camp crunch cup compris two contain one cereal one milk hold 10 ounc milk 30 gram cereal cruch cup cereal go best breakfast accessori add kitchen,414
87,https://www.uselessthingstobuy.com/product/one-blow-job-token-valentines-day-for-him/,"Tue, 31 Dec 2019 18:34:16 +0000",one blow job token ‚Äì valentin day,introduc blow job token boyfriend fiance husband thrill receiv token good one best blow job golden coin come purpl velvet case store later use 15 inch diamet plus cute font littl heart around edg wonder way show love peni serious thank blow job token never buy gift forget get someth birthday blow job token answer forgot anniversari blow job token broke christma use token liter give gift everyth rest life prepar give dome blow job token excel gift valentin day 2020 pair well valentin day card,496
88,https://www.uselessthingstobuy.com/product/edible-tarantula-for-sale/,"Sat, 04 Jan 2020 16:47:01 +0000",edibl tarantula sale,check edibl tarantula sale ever wonder tarantula edibl human eat spider answer yes buy can tarantula onlin zebra tarantula boil dehydr barbecu flavor free artifici color flavor keep delici natur spider tast plus great sourc protein eat spider get edibl tarantula sale get readi gross everyon famili,298
89,https://www.uselessthingstobuy.com/product/beer-mug-sunglasses-green-beer-goggles/,"Thu, 09 Jan 2020 02:22:47 +0000",beer mug sunglass ‚Äì green beer goggl,beer mug sunglass perfect st patrick day tri blast st patti day parti green beer goggl make great addit green outfit magic happen put skip end rainbow find pot gold wear hilari glass beer mug sunglass stand much bet drunk random bastard give beer great st patrick day wear beer glass may luck irish,298
90,https://www.uselessthingstobuy.com/product/canned-wifi/,"Sun, 19 Jan 2020 22:23:20 +0000",can wifi,novelti wifi becom collector item mani fan can wifi one funniest initi appear real new technolog breakthrough can noth could truth guest gift recipi explor detail humor becom overwhelm hilari fact can wifi even work airplan enjoy long term benefit can wifi oneoff joke quit contrari last work art collect convers piec someth you'll proud place coffe tabl book shelf kitchen live room bedroom bath room offic throw backpack suitcas everi time guest explor abund laugh follow give gift laughter perfect gift parti favor offic parti wed birthday holiday christma new year valentin day father day mother day graduat reunion hous warm corpor event anniversari gift babi shower wed shower bar mitzvah incent event cocktail parti beyond fun twist gift decor collect 100 pure humor uniqu keepsak proud share display perfect age 8 108 guarante novelti gift collector talk occas pass person person‚Ä¶ yes prepar get camera readi curious face burst smile laughter batteri open requir premium qualiti perfect size gift display storag leav empti fill sand water dirt marbl bead dri bean flower doggi treat candi small item steel plate mirrorlik finish thread steel screw cap label come separ easi appli use ‚Äúsurefit‚Äù peelnstick strip high gloss design paper pleas note novelti product actual connect internet gift home decor item gag joke collect artwork convers piec book end candl pencil holder storag contain laugh generat 100 hilar it more‚Ä¶ it person almost everyth need good laugh it gift giver need great gift doesn't know give unquestion funniest thing ever put materi demens ‚ë† plate mirror finish steel 4 14‚Ä≥ x 4 78‚Ä≥ diamet x height thread steel cap 1 34‚Ä≥ open ‚ë° design label high gloss high qualiti easi selfappli via surefit peelnstick strip label end packag contain one labelreadi decor 100 empti plus 1 easytoappli realli realli funni label mention it realli realli funni,1868
91,https://www.uselessthingstobuy.com/product/silver-morse-code-bracelet-funny-morse-code-phrase/,"Wed, 22 Jan 2020 09:44:05 +0000",silver mors code bracelet ‚Äì funni mors code phrase,look beauti silver mors code bracelet want stylish way tell everyon fuck introduc silver mors code bracelet read ‚Äúfuck off‚Äù bead bracelet great mother day gift funni valentin day gift birthday present girlfriend includ beauti sterl silver mors code bead thread thin leather wax cord bracelet come code chart confirm accuraci make diy bracelet imagin put pretti minimalist bracelet viol√† you'r subt tell everyon fuck mors code wear everywher wear motherinlaw boss offic divorc settlement child parentteach confer endless opportun communic mors code bracelet make feel empow control imagin world give liter everyon bird consequ foff mors code bracelet product specif sizeÔºöadjust braceletÔºåbracelet size 16cm28cm63inch11inchÔºåbeadsÔºö2mmÔºådesign leav daili wear includ bath materialsÔºösterl silver bead wax cord perfect gift choiceÔºö wrap classic jewelri gift box thought present best friend girl teen girl sister daughter mother granddaught birthday graduat mother day sweetest day halloween thanksgiv christma valentin day send surpris gift special one life let know care servic guaranteeÔºö 90day moneyback guarante reasonif problem purchas pleas feel free contact us help fix problem make full refund,1192
92,https://www.uselessthingstobuy.com/product/french-bulldog-birthday-hat-garland-frenchie-party-decorations/,"Mon, 27 Jan 2020 14:12:23 +0000",french bulldog birthday hat garland ‚Äì frenchi parti decor,introduc french bulldog birthday hat garland french bulldog deserv best parti decor special day celebr frenchi birthday style amaz garland cute instagramm garland featur pictur real french bulldog wear birthday hat ever seen birthday garland cute french bulldog birthday hat garland made usa highqual birthday parti garland guarante delight french bulldog lover see five hilari photo reproduct happi slurp frenchi face wear birthday hat print side onto heavi card stock hang decor wall mid air reus mani year come head approx 8‚Ä≥ x 6‚Ä≥ black white baker twine 7 feet long,569
93,https://www.uselessthingstobuy.com/product/the-dog-dryer-bag-a-dog-grooming-hair-dryer-for-home/,"Fri, 07 Feb 2020 12:55:26 +0000",dog dryer bag ‚Äì dog groom hair dryer home,introduc dog dryer bag bag littl hole feet head dog put doggo bag fill bag air hair dryer bag poof air flow around dog dri fur pleas wash dog dog made spoil cuddl belong must pet make dog squeaki clean feel cute super soft dog dryer bag dog groom hair dryer perfect dri dog bath raini day walk swim get warm cold winter day plus dog fear blowdryer reduc sound final thing fun dog love,384
